/personal-websites	https://compile.blog/personal-websites-list/	301
/images-for-designers	https://salinipillai.com/images-for-designers/	301
/failed-startups-2020	https://compile.blog/failed-startups/	301
/lists/chrome-extensions-with-less-than-25-ratings	https://compile.blog/low-rated-google-chrome-extensions/	301
/lists/200-list-of-tools-for-creators	https://compile.blog/tools/	301
/lists/personal-websites-using-wordpress	https://www.personalwebsites.top/	301
/lists/twitter-tools-list	https://compile.blog/tools/	301
/notion-api-resources	https://compile.blog/notion-api-tools-ideas/	301
/notion-api-tools	https://compile.blog/notion-api-tools-ideas/	301
/inactive-product-hunt-projects	https://compile.blog/product-hunt/inactive-projects/	301
/notion-based-tools	https://compile.blog/notion-api-tools-ideas/	301
/product-hunt-topics-list	https://compile.blog/product-hunt/topics-list/	301
/hunter-kit-for-product-hunt	https://compile.blog/product-hunt/hunter-kit/	301
/product-hunt-launch-press-kit	https://compile.blog/product-hunt/launch-press-kit/	301
/blog/mdxone-review-create-blogs-fast	https://compile.blog/	301
/blog/typefully-review	https://compile.blog/typefully-review/	301
/blog/feedhive-review	https://compile.blog/feedhive-review/	301
/blog/raindropio-review	https://compile.blog/raindrop-io-review/	301
/blog/tally-forms-review	https://compile.blog/tally-forms-review/	301
/blog	https://compile.blog/	301
/lists	https://compile.blog/	301
/about	https://compile.blog/about/	301
/contact	https://compile.blog/contact/	301
/tools	https://compile.blog/tools/	301
/	https://compile.blog/	301
